idTransaction,Account_idAccount,amount,timeStamp,receiverID,memo

0,2,663.79,2021-5-23 6:24:25,21,movie with 'guy friend'

1,13,-957.22,2020-10-25 23:10:58,10,Divorce fees :(

2,14,628.7,2021-9-12 16:59:59,11,BTO

3,17,-530.59,2020-12-20 12:42:57,21,Transfer

4,15,-527.25,2022-1-2 15:52:45,9,Divorce fees :(

5,0,759.31,2023-8-10 17:7:25,10,Withdraw

6,4,723.62,2021-6-13 18:19:58,9,movie with 'guy friend'

7,11,-106.65,2020-3-10 16:1:30,7,'Staying home' during valentines

8,8,718.2,2023-2-5 3:0:51,6,'Staying home' during valentines

9,9,309.87,2021-4-15 21:18:10,19,movie with 'guy friend'

10,3,252.75,2023-6-13 3:52:30,19,Food

11,15,-251.85,2020-12-14 4:11:12,13,Withdraw

12,17,657.25,2022-11-18 21:6:25,14,Divorce fees :(

13,16,109.76,2020-7-11 21:19:56,15,Geylang fish

14,0,672.08,2020-9-16 22:12:54,20,Transfer

15,5,-143.63,2020-1-11 8:3:32,1,Geylang fish

16,2,-217.77,2022-8-21 5:50:54,7,Transfer

17,11,45.11,2021-6-15 14:37:56,6,Geylang fish

18,17,-125.2,2020-11-21 6:15:11,19,'Staying home' during valentines

19,0,331.94,2021-3-21 22:44:15,16,Food

20,5,995.16,2022-8-10 20:1:25,0,Food

21,11,293.01,2022-6-28 1:8:50,7,movie with 'guy friend'

22,16,-278.03,2022-11-20 11:43:52,17,Java tuition fee

23,21,313.91,2023-5-19 22:10:49,5,'Staying home' during valentines

24,21,458.47,2023-11-10 3:15:14,15,movie with 'guy friend'

25,11,-780.2,2021-7-25 7:47:48,1,Divorce fees :(

26,20,-919.83,2023-5-13 19:6:31,14,Food

27,7,-207.1,2021-4-6 22:30:21,3,Withdraw

28,0,-241.91,2021-4-24 2:21:10,4,Geylang fish

29,3,337.05,2022-11-20 7:0:20,8,Geylang fish

30,19,703.22,2020-1-17 8:55:35,0,'Staying home' during valentines

31,9,89.95,2021-10-17 16:50:28,2,Java tuition fee

32,17,653.86,2022-8-26 23:48:24,3,Lorem ipsum dolor sit amet

33,12,-352.99,2023-3-21 23:51:39,18,Shoppee

34,8,-934.02,2020-7-7 12:13:23,5,Withdraw

35,9,-596.39,2022-7-16 19:39:29,13,Food

36,7,-452.51,2021-9-11 12:23:7,13,movie with 'guy friend'

37,8,250.79,2021-11-9 16:5:27,18,Shoppee

38,5,-795.71,2020-7-11 8:21:1,2,Withdraw

39,19,686.28,2020-2-26 13:29:38,14,movie with 'guy friend'

40,4,901.36,2022-5-7 0:19:45,8,Geylang fish

41,18,-21.17,2023-2-8 7:36:53,14,movie with 'guy friend'

42,2,162.01,2020-1-14 16:48:32,18,BTO

43,19,-116.71,2020-7-26 3:32:32,2,Divorce fees :(

44,3,-750.49,2020-11-25 6:29:34,5,Withdraw

45,17,90.6,2020-12-3 7:6:43,3,Lorem ipsum dolor sit amet

46,0,292.19,2022-5-19 11:18:38,13,Transfer

47,9,-496.04,2021-7-11 19:15:44,16,Divorce fees :(

48,0,-876.49,2023-1-8 17:48:35,10,Geylang fish

49,2,-457.69,2023-1-23 18:36:15,12,BTO

50,10,901.65,2021-12-2 5:57:9,15,Food

51,20,-614.74,2021-8-26 3:58:7,2,Food

52,21,401.38,2021-3-6 19:37:11,1,movie with 'guy friend'

53,11,-461.63,2023-4-11 9:23:28,21,Java tuition fee

54,0,-773.65,2023-6-17 3:38:47,10,Food

55,19,799.22,2021-1-5 5:2:35,20,BTO

56,1,-302.23,2023-12-22 9:21:22,10,Shoppee

57,7,-142.05,2021-4-24 21:43:49,6,BTO

58,2,503.04,2021-12-8 17:24:18,8,BTO

59,18,-289.81,2021-7-6 6:0:7,9,Shoppee

60,12,-603.99,2022-9-28 20:19:29,0,Java tuition fee

61,1,815.05,2023-7-28 9:59:22,13,Lorem ipsum dolor sit amet

62,0,-337.52,2023-4-17 23:3:51,11,'Staying home' during valentines

63,10,332.39,2023-11-1 14:27:51,16,Lorem ipsum dolor sit amet

64,14,-129.66,2022-11-3 23:43:2,8,Geylang fish

65,16,454.47,2023-3-25 13:34:48,10,Lorem ipsum dolor sit amet

66,13,-604.47,2022-7-11 20:22:7,3,Food

67,16,-500.08,2020-5-7 15:3:11,20,Withdraw

68,14,576.28,2022-8-11 6:13:10,20,Shoppee

69,9,660.29,2020-11-18 14:7:10,5,Shoppee

70,14,701.22,2022-8-25 13:33:32,19,Food

71,2,902.64,2021-7-11 23:59:33,9,movie with 'guy friend'

72,1,230.02,2023-5-15 14:15:28,13,Withdraw

73,14,-913.38,2021-4-26 1:37:55,11,Java tuition fee

74,21,-111.23,2020-1-3 18:20:44,11,Lorem ipsum dolor sit amet

75,19,913.92,2023-11-13 11:10:55,9,Geylang fish

76,16,834.54,2020-11-5 3:24:35,5,Transfer

77,0,726.19,2020-9-19 16:11:22,4,Java tuition fee

78,19,-153.96,2023-10-22 23:50:56,10,Shoppee

79,11,-688.06,2022-2-8 4:51:9,6,'Staying home' during valentines

80,7,42.41,2021-8-13 0:15:41,6,Geylang fish

81,18,21.95,2022-2-11 13:23:30,8,Transfer

82,17,92.75,2023-3-19 23:5:31,13,BTO

83,3,359.83,2023-1-11 15:42:44,19,Geylang fish

84,15,-923.49,2020-4-22 22:29:18,9,movie with 'guy friend'

85,0,999.88,2021-1-25 20:15:33,11,Lorem ipsum dolor sit amet

86,6,-78.97,2022-11-2 19:3:3,12,movie with 'guy friend'

87,7,-784.48,2021-7-25 15:34:52,16,Withdraw

88,4,60.26,2022-5-19 14:54:11,14,movie with 'guy friend'

89,13,109.43,2023-7-7 18:26:52,20,Divorce fees :(

90,21,-995.55,2023-9-25 7:3:39,14,Geylang fish

91,1,-476.55,2020-3-28 23:47:45,4,movie with 'guy friend'

92,3,-387.72,2021-7-6 13:52:46,21,Java tuition fee

93,6,-964.11,2023-7-14 0:13:22,20,'Staying home' during valentines

94,10,-312.15,2021-11-28 16:54:1,7,Java tuition fee

95,12,500.13,2022-3-20 18:5:24,7,Transfer

96,10,805.69,2023-4-23 0:18:47,11,Withdraw

97,15,-195.23,2021-4-3 11:0:21,12,movie with 'guy friend'

98,13,104.14,2020-12-27 5:49:40,4,Divorce fees :(

99,6,-621.52,2021-6-20 11:46:8,0,'Staying home' during valentines

100,0,249.97,2021-3-20 17:20:6,10,Java tuition fee

101,19,-542.99,2022-1-25 17:44:4,14,Food

102,9,779.51,2021-11-23 3:35:12,2,Divorce fees :(

103,6,-161.7,2021-4-11 4:50:25,20,BTO

104,16,301.29,2020-6-26 5:57:26,18,Geylang fish

105,19,-785.33,2023-3-6 11:8:5,10,Withdraw

106,3,-320.68,2020-12-19 19:5:6,17,Transfer

107,8,712.33,2020-11-7 8:24:40,5,Java tuition fee

108,19,189.03,2022-3-12 5:27:32,20,Geylang fish

109,12,-1.12,2022-9-5 5:46:40,15,Food

110,3,-460.67,2023-5-24 23:26:56,4,Java tuition fee

111,0,959.66,2021-7-19 2:50:52,19,Java tuition fee

112,19,-37.48,2023-1-23 7:44:24,3,Geylang fish

113,5,688.58,2022-12-24 15:38:42,2,BTO

114,16,230.29,2023-10-2 11:40:27,9,'Staying home' during valentines

115,1,-746.12,2020-9-6 1:30:29,15,movie with 'guy friend'

116,14,986.17,2021-10-27 22:40:30,19,BTO

117,7,55.98,2022-3-18 17:37:17,0,Food

118,12,297.87,2021-4-21 8:20:13,9,movie with 'guy friend'

119,16,-835.73,2021-2-3 7:29:45,14,Divorce fees :(

120,6,586.91,2023-12-28 3:32:57,7,Divorce fees :(

121,15,685.52,2022-10-2 23:28:56,8,BTO

122,1,-285.32,2022-2-5 2:58:50,15,movie with 'guy friend'

123,14,701.45,2023-3-14 6:12:49,4,movie with 'guy friend'

124,21,-79.7,2022-12-19 1:17:57,15,Geylang fish

125,5,648.45,2023-11-21 3:39:6,11,Shoppee

126,14,-110.85,2023-3-22 21:18:25,10,Food

127,19,313.95,2020-1-28 9:1:53,0,Withdraw

128,18,678.76,2021-8-27 9:33:16,16,Shoppee

129,15,-281.58,2023-12-10 22:26:34,17,'Staying home' during valentines

130,11,599.81,2023-8-3 19:8:50,1,Java tuition fee

131,2,367.0,2022-6-26 22:24:21,12,Lorem ipsum dolor sit amet

132,13,-874.77,2020-9-27 21:53:17,6,Transfer

133,7,824.88,2021-9-18 5:51:16,2,Withdraw

134,1,-944.22,2021-6-1 1:34:2,10,movie with 'guy friend'

135,11,961.19,2020-1-13 1:24:11,12,movie with 'guy friend'

136,11,-612.1,2023-1-24 7:44:31,21,Shoppee

137,1,60.55,2021-3-4 7:28:32,4,BTO

138,18,-999.26,2020-12-21 14:32:16,7,Shoppee

139,16,-539.84,2021-3-16 4:50:40,12,Shoppee

140,18,342.58,2020-6-17 8:20:1,17,Transfer

141,5,-523.34,2021-4-1 23:58:29,6,Divorce fees :(

142,0,657.94,2023-7-15 11:50:0,4,Shoppee

143,20,-280.27,2020-10-7 13:23:53,21,BTO

144,10,158.43,2021-8-24 6:6:37,16,movie with 'guy friend'

145,11,-506.48,2023-6-14 7:33:54,19,Divorce fees :(

146,18,539.59,2022-4-27 12:29:35,6,Shoppee

147,8,32.81,2020-9-20 8:7:7,3,movie with 'guy friend'

148,11,908.24,2022-9-27 16:49:26,17,Divorce fees :(

149,0,317.01,2021-11-15 0:28:55,11,Java tuition fee

150,12,82.78,2023-4-1 7:31:24,9,Transfer

151,11,-662.89,2022-11-15 4:56:38,1,Withdraw

152,3,-833.74,2022-8-17 7:36:40,14,Lorem ipsum dolor sit amet

153,6,-863.41,2022-8-15 7:1:7,18,Transfer

154,18,-830.41,2023-5-5 20:37:59,15,Transfer

155,15,72.98,2021-11-27 5:42:56,9,Food

156,16,538.37,2023-8-8 11:12:55,4,Lorem ipsum dolor sit amet

157,9,-771.91,2022-5-24 20:1:35,10,Divorce fees :(

158,18,901.24,2020-3-2 9:12:16,9,Geylang fish

159,7,833.11,2022-8-9 17:17:45,15,Divorce fees :(

160,4,147.25,2022-11-4 2:42:25,16,Shoppee

161,8,253.27,2023-12-24 11:49:6,19,Food

162,3,544.48,2021-9-27 2:18:57,2,Lorem ipsum dolor sit amet

163,11,-644.78,2020-4-12 17:52:0,0,Java tuition fee

164,21,-895.7,2021-3-6 4:42:49,17,Transfer

165,0,-449.99,2022-4-12 2:15:58,8,Geylang fish

166,5,500.9,2023-12-6 14:37:43,15,Shoppee

167,3,-798.15,2022-6-18 13:53:29,5,Shoppee

168,21,380.51,2022-9-23 21:15:58,11,'Staying home' during valentines

169,7,138.61,2022-5-4 2:28:28,12,Java tuition fee

170,10,729.85,2021-9-5 22:10:48,3,Food

171,20,-987.75,2022-7-27 9:12:39,21,Divorce fees :(

172,1,-896.43,2021-12-9 15:47:56,13,Lorem ipsum dolor sit amet

173,17,-649.28,2022-1-20 8:25:55,15,Geylang fish

174,13,344.2,2022-12-23 6:21:53,2,movie with 'guy friend'

175,19,919.53,2021-6-1 7:5:34,1,Withdraw

176,3,-565.93,2022-7-15 17:7:26,21,Divorce fees :(

177,2,270.02,2022-12-26 21:7:31,21,movie with 'guy friend'

178,7,658.73,2023-10-6 10:40:21,0,Divorce fees :(

179,0,919.19,2021-5-16 2:12:17,4,'Staying home' during valentines

180,18,-740.77,2023-2-1 15:32:49,10,movie with 'guy friend'

181,9,46.77,2023-1-13 20:23:57,6,Geylang fish

182,9,726.88,2021-2-15 13:5:8,4,Food

183,15,50.91,2023-2-11 11:17:41,1,movie with 'guy friend'

184,10,680.3,2021-11-4 8:45:2,9,Geylang fish

185,20,-858.46,2021-10-10 1:23:24,16,Transfer

186,7,-479.2,2021-11-7 3:30:22,15,Transfer

187,13,-709.88,2020-11-22 2:22:36,7,Lorem ipsum dolor sit amet

188,12,-187.23,2021-7-27 15:55:57,8,Withdraw

189,9,-549.96,2022-2-12 5:4:31,18,Transfer

190,6,-684.85,2022-11-9 19:15:8,7,Food

191,7,711.92,2021-7-23 15:24:40,16,Lorem ipsum dolor sit amet

192,16,-948.12,2023-5-15 16:3:23,6,Java tuition fee

193,8,351.39,2023-2-13 5:29:30,21,Withdraw

194,16,-105.62,2022-4-4 8:50:28,17,'Staying home' during valentines

195,1,-394.62,2023-11-5 3:16:19,19,movie with 'guy friend'

196,9,382.2,2023-1-26 4:29:3,0,BTO

197,10,678.44,2023-11-3 18:8:16,15,Java tuition fee

198,16,-428.1,2023-1-9 20:17:52,3,Withdraw

199,12,-873.42,2020-12-25 18:3:5,0,Shoppee

200,12,-485.66,2023-10-26 15:23:3,14,'Staying home' during valentines

201,14,683.21,2022-2-18 17:14:15,20,Withdraw

202,16,341.19,2020-10-23 0:17:16,17,Java tuition fee

203,10,501.78,2023-5-26 20:54:12,1,Divorce fees :(

204,7,-880.14,2021-11-1 18:21:10,13,Lorem ipsum dolor sit amet

205,10,-24.32,2023-3-10 2:42:44,9,Divorce fees :(

206,2,-327.98,2021-3-14 5:49:11,16,Geylang fish

207,8,877.85,2023-6-12 0:39:14,14,movie with 'guy friend'

208,21,-193.0,2021-2-26 5:52:46,17,Transfer

209,16,-693.97,2022-11-19 9:16:14,15,Withdraw

210,18,-690.83,2021-4-7 18:2:13,11,Withdraw

211,11,-162.22,2023-9-19 4:50:37,1,Food

212,18,440.12,2021-2-27 21:31:38,1,Transfer

213,16,48.44,2023-9-1 2:27:55,17,Java tuition fee

214,0,390.38,2023-4-24 6:8:23,8,Food

215,14,-80.47,2023-4-10 21:12:43,4,BTO

216,6,741.94,2022-9-13 20:21:36,17,Divorce fees :(

217,2,-909.52,2021-3-26 23:1:47,19,Withdraw

218,19,510.99,2020-3-6 19:53:46,3,Geylang fish

219,12,393.61,2021-2-14 12:29:4,21,Food

220,5,72.77,2023-8-28 19:15:55,18,Lorem ipsum dolor sit amet

221,1,-659.05,2022-2-15 18:33:39,18,Shoppee

222,18,-514.93,2022-7-28 0:1:39,21,Divorce fees :(

223,6,355.99,2020-11-9 6:13:50,13,Transfer

224,1,796.48,2023-2-6 10:48:44,15,Withdraw

225,19,-988.09,2022-11-12 21:38:5,16,Withdraw

226,7,-642.17,2023-7-28 3:3:46,4,Transfer

227,3,-246.7,2020-4-18 4:52:29,9,Lorem ipsum dolor sit amet

228,11,655.97,2023-6-18 6:6:3,6,movie with 'guy friend'

229,3,-665.85,2022-11-10 8:10:53,21,Lorem ipsum dolor sit amet

230,0,898.67,2020-12-15 0:25:36,7,Java tuition fee

231,3,-139.51,2022-9-10 22:56:30,5,Geylang fish

232,10,335.37,2023-1-28 15:8:36,14,Withdraw

233,21,-491.24,2021-9-12 23:41:15,5,Lorem ipsum dolor sit amet

234,16,796.08,2022-9-13 6:52:12,21,Food

235,7,180.74,2022-3-6 2:59:17,20,Shoppee

236,21,845.09,2023-9-13 9:1:23,8,'Staying home' during valentines

237,11,544.96,2020-11-21 16:22:15,1,Java tuition fee

238,8,634.46,2021-3-6 14:25:19,0,Shoppee

239,19,684.8,2023-12-2 4:33:51,10,movie with 'guy friend'

240,4,712.78,2023-5-3 10:51:57,15,Shoppee

241,20,-920.81,2023-4-9 6:48:7,4,Lorem ipsum dolor sit amet

242,16,684.94,2023-4-15 6:22:9,6,BTO

243,5,-613.65,2021-5-10 18:11:12,3,Withdraw

244,21,774.84,2020-8-11 22:29:45,10,Transfer

245,7,-614.15,2020-11-2 7:22:38,16,Withdraw

246,12,-904.19,2023-12-13 17:39:6,15,movie with 'guy friend'

247,19,761.32,2020-2-13 0:34:51,7,Lorem ipsum dolor sit amet

248,3,465.84,2022-6-22 8:53:53,6,Java tuition fee

249,6,-664.79,2023-4-13 12:58:32,3,BTO

250,5,-173.84,2022-2-8 14:53:52,15,movie with 'guy friend'

251,5,-749.28,2020-1-23 0:21:53,15,Lorem ipsum dolor sit amet

252,20,-814.35,2023-12-13 21:36:40,14,Food

253,7,811.17,2021-11-26 4:53:14,11,Shoppee

254,7,-494.38,2021-6-2 14:52:43,14,movie with 'guy friend'

255,3,-874.07,2020-9-13 12:46:5,8,'Staying home' during valentines

256,12,-963.69,2021-4-1 12:14:56,17,Food

257,20,665.14,2023-12-7 23:16:54,13,Withdraw

258,5,706.42,2020-1-28 16:43:49,16,Lorem ipsum dolor sit amet

259,19,159.28,2022-11-17 6:18:3,9,BTO

260,15,-484.47,2022-11-4 18:57:32,5,BTO

261,20,820.29,2021-3-10 8:4:8,13,Food

262,0,360.54,2020-5-1 1:39:6,4,Withdraw

263,5,-134.68,2022-9-18 1:58:23,6,Java tuition fee

264,11,-345.31,2021-1-22 14:31:41,4,BTO

265,1,-101.76,2023-12-8 7:26:47,0,Shoppee

266,20,102.87,2020-10-4 10:49:34,10,Transfer

267,1,-633.24,2021-11-23 16:38:2,17,Java tuition fee

268,21,281.26,2023-3-19 2:53:42,17,Shoppee

269,13,156.26,2021-11-13 8:55:44,1,Lorem ipsum dolor sit amet

270,0,679.2,2020-6-24 4:59:19,6,Java tuition fee

271,3,-268.44,2020-6-2 1:0:4,15,Java tuition fee

272,11,-231.75,2023-11-2 8:33:53,20,Lorem ipsum dolor sit amet

273,10,-500.98,2021-5-17 23:7:4,4,Withdraw

274,18,-472.88,2022-6-23 10:24:23,0,Lorem ipsum dolor sit amet

275,11,-833.78,2020-1-21 18:2:40,3,movie with 'guy friend'

276,13,-991.23,2023-12-19 17:16:54,19,Withdraw

277,17,439.43,2021-8-26 1:57:22,4,Transfer

278,16,214.37,2021-10-19 17:57:22,14,BTO

279,10,-433.63,2022-3-3 11:19:55,11,Shoppee

280,18,-269.31,2021-4-6 21:24:22,1,Shoppee

281,11,923.15,2023-12-12 10:30:8,19,Geylang fish

282,15,-68.34,2021-11-20 4:1:45,2,Withdraw

283,2,487.63,2020-6-8 22:12:9,8,'Staying home' during valentines

284,9,-693.49,2023-1-22 3:18:24,2,Divorce fees :(

285,6,431.44,2021-5-28 17:39:29,9,BTO

286,15,716.49,2022-8-13 19:38:59,3,Divorce fees :(

287,6,337.86,2021-8-19 15:16:17,13,Withdraw

288,18,37.6,2022-4-19 11:44:53,0,movie with 'guy friend'

289,16,-158.15,2020-3-6 16:50:24,21,Java tuition fee

290,6,342.86,2023-9-11 13:43:58,20,Geylang fish

291,4,797.46,2022-9-10 11:14:48,10,Geylang fish

292,21,-438.98,2023-1-1 13:29:20,6,movie with 'guy friend'

293,17,-764.2,2023-11-25 18:13:29,0,Shoppee

294,18,688.07,2021-7-23 3:33:30,15,BTO

295,9,545.0,2022-1-18 23:30:10,14,Shoppee

296,1,663.83,2023-2-17 21:14:39,9,Divorce fees :(

297,19,331.62,2020-3-6 16:58:0,12,Food

298,20,323.05,2023-3-9 18:22:18,16,Withdraw

299,2,168.87,2023-11-19 20:47:20,11,Lorem ipsum dolor sit amet

300,19,-88.72,2020-6-9 9:2:42,21,Transfer

301,15,-510.4,2021-7-3 2:1:30,12,BTO

302,3,95.29,2023-8-26 18:4:56,19,BTO

303,9,392.39,2022-3-6 17:10:10,18,BTO

304,14,884.03,2021-6-10 23:24:12,17,Transfer

305,3,821.91,2022-2-17 3:31:25,18,'Staying home' during valentines

306,19,-790.83,2022-6-6 17:55:31,21,Divorce fees :(

307,4,816.49,2023-12-4 1:23:7,20,Java tuition fee

308,6,-301.68,2022-3-28 17:27:8,5,Lorem ipsum dolor sit amet

309,3,-78.33,2020-6-2 2:25:0,17,Withdraw

310,17,-19.44,2021-1-25 8:25:44,4,BTO

311,7,871.42,2021-8-27 20:35:57,14,'Staying home' during valentines

312,2,-652.37,2023-1-2 2:10:16,9,Transfer

313,18,-973.0,2023-6-8 5:23:21,6,movie with 'guy friend'

314,7,-761.79,2021-11-7 12:45:43,13,Divorce fees :(

315,3,-745.85,2021-11-26 23:18:38,2,Java tuition fee

316,8,409.25,2022-7-14 9:36:24,2,'Staying home' during valentines

317,6,899.16,2022-8-20 8:41:23,2,BTO

318,19,-303.52,2022-3-26 5:47:8,2,Java tuition fee

319,15,105.59,2023-5-1 16:33:1,16,movie with 'guy friend'

320,18,-364.24,2022-9-2 10:49:53,1,Divorce fees :(

321,17,592.82,2023-3-26 10:28:59,15,Withdraw

322,16,584.19,2022-3-13 19:24:3,12,Food

323,3,982.89,2023-5-18 9:16:20,10,movie with 'guy friend'

324,21,-948.7,2020-11-22 2:3:21,19,'Staying home' during valentines

325,18,946.34,2021-12-16 17:48:57,4,Geylang fish

326,13,-546.13,2022-5-15 15:15:42,20,Java tuition fee

327,10,-43.45,2020-6-4 20:49:34,3,Geylang fish

328,19,-206.29,2020-3-21 23:26:50,21,Transfer

329,18,-456.99,2023-3-19 12:27:34,10,'Staying home' during valentines

330,6,-844.03,2022-6-27 14:49:24,17,Java tuition fee

331,6,-63.53,2023-6-9 3:25:12,19,Shoppee

332,20,538.19,2020-3-25 8:42:33,2,movie with 'guy friend'

333,14,-769.96,2022-2-1 6:43:18,15,Lorem ipsum dolor sit amet

334,15,-688.02,2022-3-25 10:25:16,21,Transfer

335,3,881.43,2023-2-12 5:48:42,7,Food

336,1,705.08,2022-4-27 21:48:46,19,BTO

337,9,-433.64,2022-12-13 4:32:30,20,Shoppee

338,1,-612.25,2020-12-4 6:17:30,0,Divorce fees :(

339,4,-341.98,2020-1-5 9:41:0,17,Java tuition fee

340,1,-464.04,2021-2-21 19:39:46,6,'Staying home' during valentines

341,13,317.76,2021-6-12 22:15:42,15,Food

342,16,-385.42,2023-5-16 11:16:10,1,Geylang fish

343,2,-759.34,2023-4-11 5:45:50,0,Java tuition fee

344,3,16.09,2023-1-10 6:48:7,0,movie with 'guy friend'

345,9,-981.18,2020-5-23 3:5:42,2,Withdraw

346,12,-244.57,2023-4-17 3:23:19,5,Shoppee

347,11,127.87,2022-12-9 23:35:38,16,Food

348,4,10.11,2023-3-13 11:15:51,9,Lorem ipsum dolor sit amet

349,4,-501.8,2022-5-3 11:40:26,10,Withdraw

350,17,962.37,2021-6-26 13:36:57,13,Food

351,15,969.48,2023-6-22 2:9:55,13,BTO

352,2,26.53,2021-7-16 8:36:40,9,Java tuition fee

353,16,967.53,2022-10-1 11:25:39,13,Transfer

354,2,-888.41,2021-6-14 7:10:20,4,BTO

355,18,-311.53,2022-7-21 5:53:58,7,Withdraw

356,18,872.35,2020-11-21 9:10:29,20,Java tuition fee

357,7,-530.01,2021-12-12 11:57:25,3,Divorce fees :(

358,10,-290.83,2023-1-28 9:18:42,16,Transfer

359,20,-256.05,2023-3-6 8:40:9,18,Geylang fish

360,16,-974.09,2023-7-23 17:52:40,2,Geylang fish

361,4,982.77,2023-3-26 20:51:10,6,movie with 'guy friend'

362,2,761.38,2020-2-15 6:34:44,7,BTO

363,9,-627.11,2021-6-7 12:45:41,19,Transfer

364,18,-381.28,2023-7-25 5:27:44,13,Transfer

365,21,-486.9,2021-1-17 5:58:44,3,Geylang fish

366,20,220.29,2022-6-20 16:25:6,12,Divorce fees :(

367,13,275.22,2023-6-3 5:14:39,2,Geylang fish

368,10,796.11,2023-2-28 17:51:19,15,BTO

369,21,730.65,2021-1-11 20:3:54,13,BTO

370,17,157.7,2020-12-15 5:49:28,11,Food

371,11,196.73,2022-11-14 22:4:39,6,Food

372,11,227.92,2020-12-8 4:9:22,1,BTO

373,18,-946.72,2023-4-14 16:32:32,4,Withdraw

374,0,258.53,2022-12-22 9:19:54,12,Shoppee

375,3,-112.26,2022-12-19 1:31:27,7,Shoppee

376,7,-346.18,2023-1-25 5:17:59,11,Geylang fish

377,4,-171.18,2022-2-24 20:10:9,8,Java tuition fee

378,20,329.74,2021-9-8 13:2:8,0,'Staying home' during valentines

379,4,-631.78,2022-12-23 20:21:49,10,Divorce fees :(

380,6,488.84,2023-9-3 0:10:53,3,movie with 'guy friend'

381,5,-823.17,2020-10-21 5:59:27,8,Withdraw

382,16,-423.85,2022-12-23 6:10:40,8,Withdraw

383,6,-555.43,2020-6-23 23:44:24,9,BTO

384,7,221.47,2022-3-28 10:23:6,20,Divorce fees :(

385,9,545.38,2022-10-23 13:46:22,15,Withdraw

386,11,710.23,2023-12-28 3:54:42,15,Java tuition fee

387,6,791.37,2020-1-18 6:44:46,18,Geylang fish

388,2,80.3,2021-3-20 5:4:50,4,Food

389,6,84.46,2023-11-8 14:10:49,5,Geylang fish

390,5,-756.2,2022-7-18 23:52:17,13,movie with 'guy friend'

391,6,218.28,2021-4-4 16:11:55,16,Withdraw

392,14,670.61,2021-10-27 0:8:38,2,Java tuition fee

393,0,-613.16,2021-3-27 21:42:19,16,'Staying home' during valentines

394,17,-934.25,2022-4-19 2:59:32,7,Java tuition fee

395,18,950.28,2020-2-9 14:54:22,10,Divorce fees :(

396,2,290.62,2022-4-10 8:53:15,14,Shoppee

397,12,-593.92,2022-7-28 14:1:56,0,Java tuition fee

398,10,-549.53,2023-4-1 23:2:0,20,Geylang fish

399,20,529.81,2023-6-26 13:30:47,9,Lorem ipsum dolor sit amet

400,1,-311.64,2021-4-6 14:46:34,18,Withdraw

401,18,458.0,2022-6-4 7:40:2,8,Food

402,14,-635.58,2020-9-7 17:57:44,8,Geylang fish

403,0,-525.92,2021-7-10 20:14:34,2,Lorem ipsum dolor sit amet

404,20,268.96,2021-1-13 20:26:48,18,Java tuition fee

405,16,934.93,2023-4-21 22:55:57,6,Java tuition fee

406,18,-965.31,2023-8-19 9:20:13,2,Java tuition fee

407,1,903.44,2021-8-17 19:8:14,4,'Staying home' during valentines

408,13,707.59,2021-3-18 14:23:44,0,movie with 'guy friend'

409,2,46.84,2020-9-6 20:32:29,4,BTO

410,2,939.86,2022-4-18 10:20:1,17,Divorce fees :(

411,7,-866.55,2020-4-25 3:23:54,4,BTO

412,5,95.13,2022-5-20 14:59:45,1,BTO

413,15,826.27,2020-3-26 18:16:52,12,Shoppee

414,8,-102.17,2022-11-22 11:21:27,16,Geylang fish

415,15,-541.77,2020-1-26 4:38:49,4,movie with 'guy friend'

416,10,993.03,2020-3-3 20:3:46,5,Withdraw

417,21,-186.82,2020-5-8 13:9:26,9,Withdraw

418,17,838.13,2021-9-8 2:7:39,0,Java tuition fee

419,21,-490.64,2020-10-28 17:29:46,11,Food

420,17,-745.45,2023-8-7 13:27:42,5,'Staying home' during valentines

421,10,427.7,2023-11-5 5:7:16,9,movie with 'guy friend'

422,16,408.93,2021-5-27 7:12:38,13,Geylang fish

423,15,813.12,2023-9-15 6:7:25,6,Shoppee

424,7,-644.22,2022-8-12 5:7:4,6,Java tuition fee

425,16,327.52,2021-2-3 9:2:11,1,Shoppee

426,18,-254.19,2022-2-20 21:6:45,2,Geylang fish

427,1,51.27,2021-7-1 7:30:42,21,Geylang fish

428,18,-768.67,2023-5-16 20:52:41,21,BTO

429,2,239.42,2020-8-13 11:24:1,12,Transfer

430,21,894.01,2020-1-11 13:7:43,7,Food

431,11,556.63,2023-10-8 13:39:50,14,Geylang fish

432,18,286.51,2020-11-28 3:31:31,7,Shoppee

433,2,620.47,2022-5-14 8:18:3,1,Lorem ipsum dolor sit amet

434,14,69.67,2020-11-3 1:3:44,20,movie with 'guy friend'

435,1,-551.87,2023-9-21 18:28:26,18,Shoppee

436,0,163.58,2021-2-1 12:28:28,15,Transfer

437,4,-391.59,2022-12-1 3:41:18,13,BTO

438,10,272.11,2021-6-16 10:25:38,14,BTO

439,5,767.99,2021-4-8 4:44:36,21,Lorem ipsum dolor sit amet

440,13,-604.46,2020-8-14 2:52:5,6,Food

441,6,-856.31,2022-5-27 9:5:50,0,Food

442,17,-903.7,2022-8-1 3:20:58,13,Withdraw

443,8,244.04,2021-1-7 6:2:56,5,Geylang fish

444,8,-772.09,2020-7-6 8:31:9,16,'Staying home' during valentines

445,12,21.59,2022-3-1 4:30:26,4,Withdraw

446,18,-930.19,2021-3-6 15:53:20,1,Food

447,11,855.57,2022-9-6 18:3:44,5,Divorce fees :(

448,19,-717.85,2020-9-28 4:56:59,10,Lorem ipsum dolor sit amet

449,7,-72.73,2021-2-5 15:33:47,19,BTO

450,18,-855.65,2020-7-11 7:50:46,12,Java tuition fee

451,6,-107.25,2021-10-13 15:46:3,0,'Staying home' during valentines

452,11,92.22,2023-10-24 3:44:0,9,movie with 'guy friend'

453,21,273.94,2021-9-11 0:6:33,5,BTO

454,10,31.78,2020-7-20 23:37:1,5,Lorem ipsum dolor sit amet

455,4,450.25,2020-3-12 10:37:29,14,Food

456,14,894.44,2020-10-28 3:28:24,9,Lorem ipsum dolor sit amet

457,15,261.32,2022-6-18 1:8:7,21,'Staying home' during valentines

458,16,685.49,2021-12-16 4:1:50,9,Divorce fees :(

459,18,-922.39,2023-8-12 17:20:42,12,BTO

460,13,-716.91,2020-5-23 19:29:55,6,Withdraw

461,21,740.68,2020-7-19 3:13:3,2,BTO

462,18,-736.5,2020-12-13 2:41:57,2,Food

463,9,-634.57,2020-12-24 16:4:58,4,Withdraw

464,12,752.67,2020-6-13 6:55:32,0,Geylang fish

465,2,-323.82,2020-3-21 2:34:34,12,movie with 'guy friend'

466,3,947.9,2021-4-8 9:25:28,16,Divorce fees :(

467,3,-605.5,2022-2-17 14:13:2,5,movie with 'guy friend'

468,13,268.21,2023-12-3 23:57:39,6,Transfer

469,12,452.39,2022-2-6 9:38:2,6,movie with 'guy friend'

470,3,428.71,2022-9-5 17:17:40,10,Geylang fish

471,19,-826.72,2022-12-22 15:32:44,5,'Staying home' during valentines

472,1,-927.51,2022-10-11 12:58:2,11,Shoppee

473,5,-84.98,2020-1-26 5:42:4,4,BTO

474,4,513.11,2021-11-21 23:34:20,1,Shoppee

475,16,841.29,2020-2-25 0:24:39,14,Divorce fees :(

476,15,-632.8,2021-4-20 17:47:11,6,Withdraw

477,17,-983.4,2023-8-13 3:30:8,13,BTO

478,3,618.82,2023-2-13 12:47:19,18,Food

479,10,788.63,2022-3-23 20:12:43,5,'Staying home' during valentines

480,20,-687.54,2023-8-22 10:0:21,17,movie with 'guy friend'

481,5,-416.37,2023-11-3 12:58:22,16,'Staying home' during valentines

482,6,56.32,2022-12-16 9:51:4,3,Transfer

483,14,-872.92,2020-9-5 7:10:49,20,BTO

484,4,984.29,2021-7-2 22:35:15,2,movie with 'guy friend'

485,15,-859.95,2021-7-17 17:57:28,0,Java tuition fee

486,13,-656.35,2023-1-20 7:24:57,4,Shoppee

487,3,652.81,2020-6-25 6:51:31,18,'Staying home' during valentines

488,14,957.9,2023-2-3 12:1:25,6,movie with 'guy friend'

489,8,523.78,2022-8-15 23:21:5,16,Geylang fish

490,2,-205.95,2022-4-18 11:12:48,13,'Staying home' during valentines

491,3,228.53,2020-2-8 7:38:37,4,movie with 'guy friend'

492,15,520.97,2020-4-28 3:13:54,19,Shoppee

493,11,730.92,2021-8-12 14:38:30,18,Transfer

494,9,-592.64,2023-5-1 14:2:14,13,BTO

495,12,137.35,2023-12-12 1:44:7,5,Food

496,20,556.83,2022-9-23 17:57:20,8,movie with 'guy friend'

497,21,-76.99,2023-12-14 1:41:41,20,Divorce fees :(

498,15,697.25,2021-4-12 12:23:22,11,Withdraw

499,16,-13.6,2022-9-1 14:53:25,14,BTO

500,5,649.02,2023-6-27 9:27:45,0,Food

501,20,641.94,2021-11-25 7:28:46,15,Divorce fees :(

502,17,-250.94,2023-12-18 7:8:46,15,Java tuition fee

503,9,873.69,2022-11-21 19:10:48,7,Java tuition fee

504,1,-539.95,2020-6-12 7:37:42,4,Food

505,1,183.98,2023-7-22 0:46:18,15,Transfer

506,13,612.95,2020-7-9 1:9:44,3,Shoppee

507,14,308.59,2023-1-23 15:55:41,7,Shoppee

508,8,-92.7,2023-11-5 14:10:25,5,Divorce fees :(

509,9,354.85,2021-5-11 16:51:11,21,'Staying home' during valentines

510,10,640.81,2022-4-16 22:6:2,7,movie with 'guy friend'

511,17,-314.82,2022-7-7 15:22:37,20,Java tuition fee

512,6,-424.21,2020-5-18 2:34:36,14,movie with 'guy friend'

513,17,-974.01,2023-6-11 10:26:45,12,movie with 'guy friend'

514,19,931.37,2022-2-12 15:2:16,2,Lorem ipsum dolor sit amet

515,13,90.06,2021-6-21 3:13:10,9,Withdraw

516,5,609.19,2022-12-14 4:32:45,3,Withdraw

517,11,519.1,2020-6-26 12:3:29,17,movie with 'guy friend'

518,21,-141.9,2021-6-5 8:50:30,0,BTO

519,10,401.01,2021-8-6 1:47:42,19,'Staying home' during valentines

520,6,-352.91,2022-2-12 0:45:14,2,Withdraw

521,14,-244.5,2022-4-27 5:11:35,4,BTO

522,13,317.45,2021-11-5 13:22:45,17,Lorem ipsum dolor sit amet

523,17,519.71,2022-3-20 11:46:38,0,Shoppee

524,13,772.37,2021-12-1 23:6:29,6,Shoppee

525,4,66.09,2023-12-16 1:22:7,15,BTO

526,15,964.51,2021-1-2 0:30:7,16,Shoppee

527,2,999.69,2021-2-11 12:10:2,9,Withdraw

528,12,-790.08,2020-6-28 1:34:32,10,Food

529,14,192.76,2022-12-5 5:6:30,17,Divorce fees :(

530,6,-623.01,2021-1-28 14:4:28,4,Geylang fish

531,3,361.3,2023-10-10 21:19:33,7,Food

532,4,-827.59,2023-10-17 11:12:20,0,Food

533,5,828.99,2022-5-3 0:57:4,6,Divorce fees :(

534,17,959.24,2021-8-14 20:51:22,11,Geylang fish

535,16,-802.55,2023-2-11 20:31:8,2,Java tuition fee

536,17,-280.8,2021-9-6 11:33:35,18,Java tuition fee

537,17,-699.84,2021-6-27 21:51:11,7,Withdraw

538,3,-582.48,2022-9-27 13:35:35,10,Geylang fish

539,3,-718.25,2021-4-24 16:30:42,0,Food

540,10,-430.88,2022-1-27 19:51:8,9,Lorem ipsum dolor sit amet

541,13,-418.38,2022-10-5 19:39:0,12,Transfer

542,21,960.96,2023-1-2 13:43:45,6,Transfer

543,15,-444.31,2022-5-7 17:28:41,1,Withdraw

544,17,-329.29,2022-7-24 13:33:57,7,Food

545,7,547.77,2023-3-6 12:6:41,16,Divorce fees :(

546,0,972.19,2023-10-14 16:17:37,4,Geylang fish

547,18,206.56,2021-5-9 1:27:55,11,Withdraw

548,12,953.12,2023-7-2 2:28:29,14,Java tuition fee

549,1,830.46,2020-11-9 0:41:25,16,movie with 'guy friend'

550,17,-894.82,2022-4-9 5:40:25,0,Food

551,10,256.75,2023-1-28 6:43:2,13,Food

552,9,-478.8,2022-6-12 21:31:58,14,'Staying home' during valentines

553,2,724.14,2023-12-5 13:52:43,8,Lorem ipsum dolor sit amet

554,7,731.88,2023-9-25 20:40:4,0,Lorem ipsum dolor sit amet

555,10,-484.21,2022-6-14 7:23:43,11,Geylang fish

556,5,-694.41,2023-4-16 3:53:3,16,BTO

557,12,445.52,2021-9-18 17:31:6,1,Divorce fees :(

558,14,267.2,2021-11-16 13:28:1,8,Geylang fish

559,13,-165.0,2022-5-14 15:24:0,17,Divorce fees :(

560,19,-564.0,2021-8-24 11:25:14,14,BTO

561,1,-790.89,2020-8-4 14:5:59,18,Transfer

562,12,233.24,2023-11-8 13:18:56,7,Withdraw

563,12,-226.69,2020-5-25 13:14:45,18,Transfer

564,17,-342.2,2022-9-18 15:1:42,5,Withdraw

565,8,519.32,2020-7-19 20:42:44,3,'Staying home' during valentines

566,12,263.02,2023-12-25 19:20:58,9,Withdraw

567,7,392.57,2023-6-24 13:34:15,14,Java tuition fee

568,21,-2.98,2020-12-22 18:31:36,19,BTO

569,20,-925.93,2021-1-7 14:21:8,13,Transfer

570,16,-552.48,2020-8-18 15:57:36,4,Shoppee

571,2,-950.19,2020-2-13 3:46:58,9,Shoppee

572,12,-536.02,2021-7-24 0:34:2,8,Food

573,1,142.31,2020-10-20 14:31:32,7,movie with 'guy friend'

574,14,-992.46,2023-11-20 8:31:6,5,Lorem ipsum dolor sit amet

575,14,-795.49,2022-3-19 16:1:4,16,Lorem ipsum dolor sit amet

576,6,994.68,2023-6-23 15:3:7,20,Shoppee

577,11,574.49,2022-5-14 12:45:41,1,Food

578,1,48.15,2020-6-13 12:48:34,18,BTO

579,8,-389.24,2022-2-26 14:45:23,5,Divorce fees :(

580,12,428.41,2022-9-27 18:37:43,2,movie with 'guy friend'

581,21,821.63,2021-4-1 0:11:30,20,'Staying home' during valentines

582,7,519.04,2023-2-8 6:0:21,6,'Staying home' during valentines

583,21,703.64,2021-1-6 17:33:24,18,Withdraw

584,15,-153.22,2021-11-3 6:42:50,20,Divorce fees :(

585,3,937.62,2022-3-15 1:58:53,8,Transfer

586,7,-214.54,2020-2-22 19:19:34,0,Food

587,12,831.08,2020-12-25 2:59:52,8,BTO

588,14,-286.91,2022-6-12 17:21:13,13,'Staying home' during valentines

589,0,-342.92,2023-10-15 9:25:47,2,Food

590,0,-730.46,2023-7-20 5:18:8,19,movie with 'guy friend'

591,2,616.43,2020-11-17 12:54:49,19,Geylang fish

592,4,-464.21,2022-10-2 4:43:38,16,Withdraw

593,3,519.15,2022-9-7 20:8:1,11,BTO

594,11,-735.94,2020-3-25 20:9:55,15,Divorce fees :(

595,5,283.76,2022-4-24 16:0:27,3,Java tuition fee

596,17,-562.3,2021-5-8 13:42:58,16,Food

597,2,-258.47,2023-7-27 20:17:45,7,Food

598,8,876.02,2023-7-22 8:21:28,11,Transfer

599,1,-246.05,2022-12-3 14:3:53,18,Food

600,1,726.98,2021-5-14 21:33:55,0,'Staying home' during valentines

601,4,957.15,2023-7-6 20:8:53,1,Lorem ipsum dolor sit amet

602,20,593.24,2020-1-15 3:2:19,1,Shoppee

603,3,463.39,2023-5-11 6:33:39,8,Java tuition fee

604,8,-761.96,2022-6-3 8:8:51,4,Transfer

605,12,154.08,2021-12-14 15:32:8,9,movie with 'guy friend'

606,10,142.64,2023-5-10 8:9:17,0,Shoppee

607,10,564.86,2023-12-6 12:56:54,19,Transfer

608,12,339.81,2020-2-22 2:47:44,14,Java tuition fee

609,3,78.19,2020-12-21 20:25:26,4,'Staying home' during valentines

610,21,-961.4,2021-3-10 15:19:32,19,Food

611,7,-565.8,2023-2-20 15:41:56,4,BTO

612,18,811.71,2022-1-18 22:17:46,6,movie with 'guy friend'

613,7,905.46,2020-3-2 7:28:14,2,Food

614,7,601.61,2023-9-20 9:25:23,20,movie with 'guy friend'

615,14,-465.38,2020-4-17 6:59:47,21,Shoppee

616,11,-584.7,2022-11-19 11:27:36,1,'Staying home' during valentines

617,19,34.3,2023-2-14 15:53:14,3,Withdraw

618,20,-688.98,2022-3-20 22:2:45,12,Divorce fees :(

619,0,-817.89,2020-6-12 7:9:55,2,Divorce fees :(

620,13,-119.03,2023-4-18 15:5:14,4,Withdraw

621,13,243.78,2021-6-8 21:30:13,15,'Staying home' during valentines

622,9,886.07,2020-12-9 15:1:32,2,Shoppee

623,21,969.07,2022-7-2 1:52:59,20,Transfer

624,20,-539.51,2022-3-27 21:50:13,3,Withdraw

625,20,465.28,2022-4-7 21:19:19,18,Java tuition fee

626,12,650.65,2023-1-6 5:40:11,16,BTO

627,21,922.12,2023-4-5 0:43:36,6,'Staying home' during valentines

628,18,802.91,2023-6-27 5:34:37,19,Divorce fees :(

629,13,397.59,2022-2-7 4:41:55,16,Java tuition fee

630,14,781.08,2020-10-26 3:2:59,11,Java tuition fee

631,18,965.22,2020-1-19 13:14:17,6,Transfer

632,15,679.11,2023-9-10 14:48:47,14,Java tuition fee

633,12,-885.15,2022-1-7 9:42:22,16,BTO

634,6,-354.52,2020-7-26 8:21:14,21,'Staying home' during valentines

635,20,698.09,2023-5-18 7:8:40,19,Java tuition fee

636,19,23.55,2020-11-8 5:19:38,18,Divorce fees :(

637,6,212.2,2022-9-21 11:19:4,18,Food

638,3,-4.83,2022-4-24 5:3:19,8,Transfer

639,3,678.44,2022-11-1 15:42:17,10,movie with 'guy friend'

640,12,-309.47,2021-7-2 9:26:5,20,Geylang fish

641,20,62.3,2021-9-26 15:23:32,8,Transfer

642,15,214.82,2022-8-18 8:36:8,11,Shoppee

643,3,-369.0,2022-9-6 23:13:36,0,Withdraw

644,1,134.58,2023-7-18 16:5:9,16,Divorce fees :(

645,10,685.5,2023-10-12 21:57:25,13,Divorce fees :(

646,12,9.74,2023-6-28 11:15:29,17,Withdraw

647,2,-457.19,2022-10-14 11:0:36,18,Transfer

648,0,380.01,2020-7-7 9:26:21,18,Lorem ipsum dolor sit amet

649,1,-544.96,2021-12-15 6:10:38,5,Transfer

650,9,-776.2,2020-6-20 7:29:2,18,'Staying home' during valentines

651,6,-323.64,2023-10-26 20:14:5,20,Shoppee

652,5,-697.58,2020-5-12 6:47:48,17,Transfer

653,11,999.62,2022-4-4 18:29:23,5,Lorem ipsum dolor sit amet

654,1,-239.96,2022-3-20 6:30:11,19,'Staying home' during valentines

655,7,758.49,2022-8-13 19:5:51,15,Food

656,16,-807.08,2020-3-10 1:7:40,6,Food

657,5,-822.78,2021-8-17 19:36:12,14,BTO

658,18,-370.24,2020-12-17 8:6:14,2,Shoppee

659,6,761.62,2020-5-15 20:22:59,2,Divorce fees :(

660,8,945.0,2021-2-20 10:1:56,20,Divorce fees :(

661,6,-707.24,2020-10-28 20:28:3,0,'Staying home' during valentines

662,13,-82.26,2023-5-6 2:12:22,4,Shoppee

663,11,779.62,2022-6-16 14:34:20,19,'Staying home' during valentines

664,17,327.06,2023-3-8 21:40:24,21,Shoppee

665,10,-329.52,2021-1-1 12:13:25,14,Java tuition fee

666,13,-867.56,2020-6-11 15:53:39,7,BTO

667,1,178.88,2020-7-24 8:34:15,17,Geylang fish

668,13,-935.26,2021-9-14 0:56:16,19,Withdraw

669,11,-819.61,2020-1-10 19:33:57,12,movie with 'guy friend'

670,19,-333.31,2020-8-14 11:42:58,1,BTO

671,12,-908.73,2021-10-1 10:43:33,11,Geylang fish

672,20,726.76,2023-2-1 14:3:3,13,Java tuition fee

673,10,912.89,2020-2-26 23:55:20,16,Java tuition fee

674,9,-608.69,2021-7-16 9:9:20,19,Shoppee

675,18,908.48,2022-8-10 22:17:18,21,movie with 'guy friend'

676,19,-357.63,2020-9-11 17:53:10,5,Lorem ipsum dolor sit amet

677,5,47.17,2020-1-6 5:20:3,0,Geylang fish

678,18,73.8,2020-4-9 9:11:33,16,Lorem ipsum dolor sit amet

679,12,545.5,2021-5-3 22:34:1,7,Lorem ipsum dolor sit amet

680,5,794.97,2023-2-26 14:51:38,7,movie with 'guy friend'

681,4,-454.84,2020-11-8 16:14:46,19,Shoppee

682,15,-197.0,2021-6-19 6:28:5,8,Lorem ipsum dolor sit amet

683,1,840.87,2022-5-20 11:51:48,21,Food

684,2,589.88,2022-5-4 18:56:6,15,Food

685,6,441.42,2020-4-1 2:36:0,4,Java tuition fee

686,19,79.8,2020-5-13 10:47:43,14,Geylang fish

687,9,-146.09,2023-4-28 10:6:21,11,Shoppee

688,1,298.01,2020-5-3 7:41:50,0,Geylang fish

689,20,861.82,2021-7-24 10:58:59,17,Shoppee

690,17,577.17,2023-2-3 21:39:50,16,Geylang fish

691,20,95.38,2021-7-28 16:45:53,5,Geylang fish

692,9,-21.05,2023-3-11 12:51:9,6,Geylang fish

693,14,-986.23,2023-12-25 6:47:21,15,Shoppee

694,3,890.16,2020-11-10 3:18:56,0,BTO

695,13,-857.97,2022-9-6 11:31:3,10,Divorce fees :(

696,10,679.77,2020-4-12 8:58:26,18,Food

697,9,50.11,2022-4-3 14:21:12,6,Withdraw

698,16,-770.07,2021-11-17 7:31:18,3,Geylang fish

699,11,-794.38,2023-3-6 19:45:5,8,BTO

700,9,52.0,2022-7-23 9:51:42,16,Food

701,21,403.92,2021-2-28 15:50:5,9,Food

702,15,929.88,2020-5-24 20:32:7,17,Food

703,15,708.37,2021-1-1 17:30:37,0,Lorem ipsum dolor sit amet

704,6,-248.4,2022-2-16 22:0:4,2,Shoppee

705,13,887.41,2022-5-9 21:58:21,20,Java tuition fee

706,6,-383.63,2022-3-20 6:20:51,13,Shoppee

707,20,858.01,2020-7-26 9:48:20,14,Food

708,9,507.36,2020-5-7 10:8:43,17,Shoppee

709,20,-337.36,2023-7-12 15:25:39,5,BTO

710,5,529.76,2022-12-2 6:26:1,11,Geylang fish

711,18,461.74,2020-11-6 14:7:39,16,Divorce fees :(

712,14,-164.69,2022-7-11 19:43:55,7,Food

713,8,829.0,2020-3-22 14:31:49,1,Transfer

714,7,460.08,2020-10-12 17:13:36,15,Shoppee

715,17,297.78,2023-10-5 9:9:57,4,Food

716,2,16.96,2022-7-7 2:39:39,5,Divorce fees :(

717,14,-599.48,2022-11-21 10:10:48,4,Geylang fish

718,14,-782.09,2022-11-25 4:33:36,9,Food

719,5,29.66,2023-11-19 3:27:35,15,Shoppee

720,15,667.52,2020-7-13 18:50:56,20,movie with 'guy friend'

721,1,-283.87,2022-12-4 13:3:29,6,BTO

722,21,-594.76,2020-2-2 20:32:19,10,Food

723,3,257.66,2020-2-12 0:21:40,18,Shoppee

724,3,592.4,2021-6-19 12:3:12,14,Geylang fish

725,17,522.01,2020-6-16 17:36:1,13,Lorem ipsum dolor sit amet

726,18,876.68,2022-6-20 20:22:57,10,Food

727,20,499.57,2023-4-20 10:5:27,21,Divorce fees :(

728,19,957.01,2023-2-1 1:19:18,11,Withdraw

729,4,460.26,2022-7-5 16:1:3,20,'Staying home' during valentines

730,0,903.87,2022-8-25 23:23:36,3,Withdraw

731,2,-980.02,2022-10-16 20:32:2,18,Food

732,18,-681.69,2022-11-1 16:36:37,10,Divorce fees :(

733,8,816.34,2020-3-3 20:35:42,15,Lorem ipsum dolor sit amet

734,13,425.99,2022-5-26 10:26:33,2,Geylang fish

735,1,-281.42,2022-6-24 10:6:53,2,Lorem ipsum dolor sit amet

736,10,-715.25,2023-10-21 21:58:20,11,Geylang fish

737,20,-795.6,2020-9-17 2:5:1,17,Food

738,5,-858.13,2022-4-10 0:50:28,14,Java tuition fee

739,15,-714.59,2022-12-23 14:28:17,16,Withdraw

740,3,437.17,2023-7-20 12:13:5,11,'Staying home' during valentines

741,11,-154.98,2023-4-1 17:46:49,12,Food

742,4,192.11,2021-9-4 23:31:49,6,Shoppee

743,2,-437.96,2022-9-19 13:2:21,1,Food

744,5,-44.03,2021-1-28 9:6:2,7,Geylang fish

745,17,862.51,2022-11-13 5:7:58,4,Shoppee

746,15,325.04,2023-3-22 1:50:37,13,Withdraw

747,10,-805.47,2020-7-10 10:12:59,7,'Staying home' during valentines

748,1,776.2,2020-4-18 23:51:35,16,'Staying home' during valentines

749,0,368.35,2022-4-24 21:2:6,19,Shoppee

750,18,-601.26,2020-4-5 7:27:51,20,BTO

751,16,811.39,2020-7-9 2:9:1,11,'Staying home' during valentines

752,16,-824.77,2020-4-8 11:32:3,20,Food

753,13,-363.43,2022-3-1 16:21:19,4,Java tuition fee

754,17,-725.83,2023-12-22 2:53:50,11,Food

755,4,434.24,2023-9-10 6:48:1,5,Withdraw

756,14,-618.78,2020-11-11 11:45:59,1,Divorce fees :(

757,9,-564.3,2023-2-21 3:58:11,2,Lorem ipsum dolor sit amet

758,17,393.85,2020-11-11 18:10:37,20,Transfer

759,13,13.69,2022-6-16 17:29:6,14,BTO

760,5,573.35,2021-4-14 18:6:16,4,Transfer

761,19,489.95,2021-2-16 21:19:32,1,Withdraw

762,10,-755.74,2022-2-21 10:36:2,6,Java tuition fee

763,9,379.05,2023-4-14 21:53:54,8,Transfer

764,16,-361.41,2022-3-21 9:13:31,8,Shoppee

765,18,-736.65,2021-5-28 18:40:2,5,Java tuition fee

766,19,284.25,2020-6-1 5:10:9,18,Transfer

767,18,270.19,2020-4-24 16:2:44,5,Withdraw

768,3,-204.72,2023-6-15 0:7:53,2,Geylang fish

769,9,-173.66,2022-5-2 9:45:9,20,movie with 'guy friend'

770,20,143.18,2022-10-16 6:58:31,3,Divorce fees :(

771,7,-934.39,2020-8-12 14:4:59,5,Withdraw

772,13,997.64,2023-9-24 8:37:52,4,Java tuition fee

773,12,55.18,2022-2-17 9:11:20,0,Withdraw

774,5,-427.66,2022-3-3 13:7:14,16,Lorem ipsum dolor sit amet

775,8,440.42,2023-12-25 7:56:20,4,Shoppee

776,2,92.25,2023-4-27 7:11:40,15,Withdraw

777,8,-430.13,2020-11-14 13:17:52,16,'Staying home' during valentines

778,16,-482.14,2023-5-22 21:38:53,7,Geylang fish

779,17,-866.82,2020-12-23 0:34:47,4,Withdraw

780,0,168.96,2020-10-8 18:16:41,3,movie with 'guy friend'

781,7,-583.77,2020-3-9 23:6:5,19,Food

782,18,-838.65,2023-2-25 13:41:39,3,Food

783,19,-613.75,2023-4-26 20:59:8,11,movie with 'guy friend'

784,16,683.9,2022-10-9 12:38:17,20,Transfer

785,9,-595.55,2023-8-23 2:12:4,11,Geylang fish

786,6,609.87,2021-2-22 10:54:55,1,Divorce fees :(

787,20,632.04,2020-3-26 6:44:1,8,Lorem ipsum dolor sit amet

788,4,-807.14,2020-1-2 8:27:13,8,Food

789,13,-726.44,2021-2-11 22:8:32,0,Lorem ipsum dolor sit amet

790,12,37.17,2022-10-4 21:27:21,3,Food

791,17,-344.68,2022-12-3 2:50:16,6,Withdraw

792,2,-332.45,2022-11-10 21:58:9,12,movie with 'guy friend'

793,18,337.72,2023-3-6 14:56:19,10,Transfer

794,10,132.78,2021-3-9 6:58:42,17,'Staying home' during valentines

795,19,902.85,2021-11-17 13:45:55,6,Java tuition fee

796,6,946.66,2023-9-15 1:6:2,13,Shoppee

797,15,-683.97,2023-3-26 8:22:56,13,Food

798,7,351.1,2022-2-7 0:19:1,14,Shoppee

799,13,671.83,2022-11-27 18:16:14,16,Java tuition fee

800,16,766.45,2022-11-27 19:20:12,7,Java tuition fee

801,0,-328.95,2021-3-4 8:47:47,14,Lorem ipsum dolor sit amet

802,18,-524.96,2023-1-18 9:36:31,2,Geylang fish

803,17,-278.26,2020-1-18 2:0:0,20,movie with 'guy friend'

804,18,159.95,2021-2-9 5:41:7,17,Lorem ipsum dolor sit amet

805,21,305.12,2020-8-27 5:40:34,16,Divorce fees :(

806,5,-699.55,2020-8-25 1:16:19,2,movie with 'guy friend'

807,11,-590.59,2023-11-21 16:20:1,16,Geylang fish

808,2,253.29,2020-7-15 6:28:47,20,Withdraw

809,3,-802.99,2022-10-22 1:27:5,8,Lorem ipsum dolor sit amet

810,16,389.5,2022-11-20 7:11:52,4,'Staying home' during valentines

811,0,298.81,2022-6-27 7:27:59,7,'Staying home' during valentines

812,13,328.82,2022-10-27 22:59:42,18,Java tuition fee

813,14,-611.31,2022-7-14 9:41:14,20,Divorce fees :(

814,0,308.86,2020-1-19 16:27:17,13,BTO

815,19,863.65,2022-11-20 17:14:19,12,Transfer

816,11,737.69,2023-5-10 3:16:41,1,Food

817,11,933.4,2023-6-18 15:11:10,15,Java tuition fee

818,18,593.45,2020-12-6 14:43:38,9,Shoppee

819,19,515.64,2021-9-2 18:13:43,8,Shoppee

820,8,975.66,2022-10-15 5:15:36,6,Food

821,16,3.86,2023-11-22 11:36:47,19,Geylang fish

822,11,-342.52,2022-8-2 20:52:35,19,Java tuition fee

823,9,-502.3,2023-4-25 5:10:5,17,Lorem ipsum dolor sit amet

824,1,565.09,2020-5-11 9:15:6,6,movie with 'guy friend'

825,1,187.5,2021-11-12 13:23:22,9,BTO

826,9,-466.92,2023-7-12 15:8:0,7,movie with 'guy friend'

827,18,-648.72,2022-6-9 1:56:39,14,BTO

828,13,105.65,2023-1-13 1:16:47,6,movie with 'guy friend'

829,12,-406.55,2022-10-12 13:20:31,7,Transfer

830,13,-743.17,2022-11-5 16:26:38,2,movie with 'guy friend'

831,6,595.97,2020-12-17 1:32:23,5,Transfer

832,10,-606.95,2023-8-4 10:6:58,0,Withdraw

833,16,-703.65,2021-11-23 23:19:26,11,Lorem ipsum dolor sit amet

834,7,902.93,2023-6-3 16:6:45,18,Geylang fish

835,13,478.87,2022-1-3 10:14:19,8,movie with 'guy friend'

836,5,743.12,2023-5-11 15:35:12,0,movie with 'guy friend'

837,4,-411.17,2022-11-18 22:16:46,18,Java tuition fee

838,13,-915.32,2022-2-14 14:32:23,21,Divorce fees :(

839,2,-161.4,2020-12-7 11:53:12,3,Withdraw

840,11,474.82,2023-12-13 4:43:39,1,Divorce fees :(

841,10,-360.6,2023-1-13 12:27:17,14,Shoppee

842,16,-736.3,2022-7-9 13:35:1,0,'Staying home' during valentines

843,3,801.42,2021-12-28 12:19:51,7,BTO

844,5,59.06,2022-8-21 8:51:14,20,Withdraw

845,9,-391.21,2021-12-1 4:24:54,0,Food

846,3,222.81,2022-10-23 6:40:41,21,BTO

847,4,-384.68,2021-1-8 18:24:47,1,Java tuition fee

848,11,892.29,2022-6-9 21:1:24,17,Geylang fish

849,19,120.21,2021-8-20 22:20:41,2,BTO

850,4,63.49,2021-11-17 1:57:5,3,Withdraw

851,2,684.53,2021-8-1 4:29:39,20,Lorem ipsum dolor sit amet

852,10,521.27,2022-10-2 17:13:47,3,BTO

853,4,-826.58,2022-6-4 6:37:53,2,Lorem ipsum dolor sit amet

854,17,-460.75,2023-11-11 21:29:5,5,Food

855,12,922.89,2021-12-4 20:32:29,5,BTO

856,9,187.25,2020-6-2 18:29:14,7,Shoppee

857,1,895.99,2021-12-18 21:53:5,0,Shoppee

858,1,-268.84,2021-1-6 19:44:51,3,Shoppee

859,4,796.86,2023-10-3 6:41:47,0,Java tuition fee

860,3,-855.4,2022-12-10 17:29:28,12,Java tuition fee

861,17,91.94,2022-5-1 16:23:36,6,Food

862,18,273.33,2021-9-18 8:59:25,1,Food

863,11,-83.64,2023-7-25 13:4:52,3,movie with 'guy friend'

864,1,432.94,2020-4-3 1:50:35,7,Withdraw

865,20,623.63,2021-6-2 1:41:40,15,'Staying home' during valentines

866,19,764.1,2023-8-17 18:54:7,9,Geylang fish

867,0,-773.95,2021-3-2 9:32:11,9,Geylang fish

868,1,-122.07,2022-11-14 14:8:13,3,Java tuition fee

869,21,594.64,2022-11-10 1:59:48,7,Withdraw

870,14,318.74,2021-8-25 7:53:13,4,Food

871,12,507.18,2020-8-5 16:17:40,21,movie with 'guy friend'

872,0,911.57,2021-4-1 1:16:25,6,Transfer

873,8,-452.55,2023-5-11 23:26:32,0,Shoppee

874,1,-122.52,2021-4-9 16:38:4,2,Food

875,13,-851.84,2020-1-17 22:48:46,2,Shoppee

876,17,142.34,2021-7-16 7:17:0,6,Withdraw

877,17,640.55,2021-1-1 21:39:35,4,Lorem ipsum dolor sit amet

878,7,-680.75,2023-6-20 1:57:13,19,Geylang fish

879,13,339.68,2021-7-20 16:45:4,5,Shoppee

880,18,-108.02,2020-5-17 2:38:55,15,Geylang fish

881,21,341.32,2021-5-12 13:25:6,9,Shoppee

882,13,636.69,2020-8-3 0:53:38,0,BTO

883,2,-282.77,2021-9-11 14:31:7,9,Geylang fish

884,18,475.48,2022-10-7 7:27:7,15,Food

885,17,811.04,2023-4-5 14:59:53,10,'Staying home' during valentines

886,16,340.83,2021-9-5 20:48:37,20,Geylang fish

887,11,270.94,2022-6-15 8:19:55,20,Lorem ipsum dolor sit amet

888,5,-885.83,2020-5-24 22:35:30,16,Withdraw

889,19,939.87,2022-7-2 22:59:36,2,Java tuition fee

890,15,164.07,2023-7-21 18:54:13,21,Transfer

891,6,928.3,2021-2-11 2:59:47,11,Lorem ipsum dolor sit amet

892,5,-248.22,2021-10-3 22:58:9,16,BTO

893,5,-334.25,2022-10-25 16:26:2,2,'Staying home' during valentines

894,12,176.66,2022-5-12 6:9:35,1,BTO

895,7,201.08,2023-4-9 3:42:21,17,Java tuition fee

896,11,298.71,2021-8-8 19:10:44,18,Food

897,17,231.69,2020-7-11 23:59:46,1,Shoppee

898,15,121.46,2021-8-11 13:16:56,13,Transfer

899,9,-284.86,2021-11-19 10:7:22,16,movie with 'guy friend'

900,9,289.12,2021-12-14 22:29:42,0,Lorem ipsum dolor sit amet

901,18,74.47,2021-9-15 10:50:38,10,movie with 'guy friend'

902,17,421.66,2022-4-4 8:55:50,5,Shoppee

903,13,447.81,2021-3-9 16:11:13,20,Shoppee

904,20,751.69,2020-1-1 14:0:15,9,Withdraw

905,7,-722.28,2020-10-7 0:11:18,8,Shoppee

906,14,750.85,2023-9-13 22:53:28,7,Java tuition fee

907,5,869.7,2021-2-23 19:42:33,2,BTO

908,20,-255.16,2020-11-12 9:29:47,5,Shoppee

909,20,588.6,2022-7-12 10:30:24,13,Java tuition fee

910,1,861.52,2020-8-21 7:58:41,21,BTO

911,0,-163.41,2022-8-13 12:45:59,4,Geylang fish

912,10,-755.82,2022-8-3 22:12:59,13,'Staying home' during valentines

913,4,-595.38,2023-8-22 15:59:27,20,Transfer

914,18,429.22,2023-11-20 15:58:38,12,'Staying home' during valentines

915,10,-165.6,2023-7-22 9:41:3,0,Java tuition fee

916,15,-555.35,2020-11-18 3:15:52,4,Lorem ipsum dolor sit amet

917,2,465.31,2020-3-5 21:1:55,18,Transfer

918,0,22.91,2022-12-28 22:20:52,9,Lorem ipsum dolor sit amet

919,20,273.27,2023-2-3 5:15:26,17,Lorem ipsum dolor sit amet

920,9,560.02,2020-8-24 6:9:13,13,Lorem ipsum dolor sit amet

921,6,-200.45,2021-10-7 10:15:14,11,Java tuition fee

922,12,-908.62,2021-4-8 0:35:22,0,Withdraw

923,5,164.03,2020-3-4 19:29:34,3,BTO

924,21,-663.78,2022-7-2 8:2:30,7,Geylang fish

925,2,427.32,2021-9-6 20:7:44,19,Withdraw

926,12,18.85,2021-2-15 5:35:41,8,Geylang fish

927,6,947.65,2022-7-21 23:35:8,10,Java tuition fee

928,16,-763.82,2021-7-27 6:28:14,18,Food

929,17,-318.93,2023-5-8 9:17:57,20,BTO

930,19,-985.1,2023-9-19 23:55:8,10,Lorem ipsum dolor sit amet

931,20,116.58,2022-9-9 16:7:19,8,Divorce fees :(

932,9,-348.65,2023-9-26 14:51:53,15,Java tuition fee

933,0,622.34,2023-12-4 17:44:2,19,BTO

934,14,609.33,2022-5-7 4:58:54,1,Lorem ipsum dolor sit amet

935,14,613.44,2021-1-18 19:22:38,4,Java tuition fee

936,9,641.77,2023-11-6 19:49:44,15,Geylang fish

937,9,-803.39,2020-2-22 16:35:44,10,Divorce fees :(

938,0,657.05,2021-9-22 7:26:30,7,Divorce fees :(

939,6,-409.76,2020-4-7 1:18:37,12,'Staying home' during valentines

940,8,-235.16,2022-6-16 4:53:39,9,Java tuition fee

941,13,628.93,2022-5-11 0:14:21,11,Food

942,18,-832.87,2020-8-15 21:41:27,21,Divorce fees :(

943,1,848.21,2021-11-10 18:21:42,17,Lorem ipsum dolor sit amet

944,14,-884.28,2021-7-15 0:11:1,10,Lorem ipsum dolor sit amet

945,21,200.63,2022-4-16 0:38:7,2,Divorce fees :(

946,4,160.6,2021-1-22 7:31:17,5,BTO

947,7,810.24,2021-12-9 18:40:45,11,Food

948,14,-777.64,2022-8-12 8:47:6,20,Java tuition fee

949,13,162.43,2023-11-20 23:47:47,0,Shoppee

950,15,164.87,2022-10-23 6:53:46,19,Divorce fees :(

951,5,372.48,2020-12-20 3:40:8,20,Java tuition fee

952,0,-249.56,2020-8-20 15:52:55,7,Withdraw

953,20,-666.89,2023-7-21 8:2:56,21,'Staying home' during valentines

954,9,-19.87,2022-1-2 22:5:44,12,Withdraw

955,2,-526.34,2020-8-27 1:53:31,16,'Staying home' during valentines

956,15,-905.86,2021-2-23 10:5:46,21,BTO

957,11,84.0,2021-5-4 21:48:36,19,Java tuition fee

958,17,201.8,2022-9-21 23:25:9,16,BTO

959,20,290.68,2020-2-5 22:35:17,10,'Staying home' during valentines

960,5,-86.53,2023-2-9 3:42:19,4,Withdraw

961,18,800.82,2021-9-9 23:0:24,19,Lorem ipsum dolor sit amet

962,6,-270.01,2022-8-1 3:46:54,3,'Staying home' during valentines

963,9,-355.32,2021-12-14 16:3:42,13,Food

964,17,789.44,2020-12-10 0:11:8,10,Geylang fish

965,12,455.59,2021-12-17 9:55:10,16,Geylang fish

966,5,-352.51,2023-6-28 4:19:31,14,BTO

967,3,-943.78,2023-1-19 4:48:6,14,Geylang fish

968,18,729.25,2022-4-12 14:0:25,13,BTO

969,17,-372.16,2020-5-1 3:44:5,9,Withdraw

970,4,277.64,2022-12-21 8:19:57,12,Lorem ipsum dolor sit amet

971,17,51.88,2022-11-28 16:12:39,5,'Staying home' during valentines

972,9,-232.42,2022-5-7 8:54:12,8,Food

973,9,161.11,2023-4-26 18:28:44,2,Geylang fish

974,6,-640.78,2022-7-9 13:45:45,10,Withdraw

975,9,505.11,2022-10-19 6:43:1,2,Food

976,18,809.45,2020-5-25 20:31:25,12,BTO

977,10,-546.97,2021-9-11 12:30:37,15,BTO

978,13,628.57,2021-3-17 20:0:33,2,Food

979,6,-481.28,2020-11-8 6:55:3,2,Food

980,6,-388.47,2021-11-6 0:39:30,15,movie with 'guy friend'

981,3,854.58,2020-2-19 4:19:14,9,Divorce fees :(

982,18,-919.82,2022-3-28 13:57:16,0,BTO

983,13,-123.33,2021-12-2 11:57:46,19,'Staying home' during valentines

984,15,919.71,2020-8-23 20:35:24,20,Shoppee

985,16,819.86,2021-1-27 5:59:52,21,Geylang fish

986,8,771.31,2021-11-8 13:52:22,7,movie with 'guy friend'

987,11,-532.56,2022-5-20 6:57:32,13,Geylang fish

988,17,-29.17,2021-7-14 15:1:15,10,Divorce fees :(

989,21,723.32,2021-7-18 11:50:58,19,Lorem ipsum dolor sit amet

990,1,-558.62,2023-1-8 2:51:34,9,Transfer

991,17,207.66,2020-6-20 20:15:23,19,Shoppee

992,7,550.39,2022-3-16 16:30:7,4,Food

993,18,-993.76,2023-10-1 6:36:35,6,Food

994,7,847.15,2021-8-13 1:20:41,5,Lorem ipsum dolor sit amet

995,8,975.09,2020-7-11 1:24:19,4,BTO

996,3,944.83,2023-11-8 14:21:25,2,Shoppee

997,10,780.28,2023-11-13 6:43:41,21,BTO

998,21,-851.55,2023-8-5 15:9:58,3,Transfer

999,13,452.19,2020-9-4 19:6:50,7,Withdraw
